[
  {
    "value": "CT18",
    "synonyms": [
      "CT18"
    ]
  },
  {
    "value": "26",
    "synonyms": [
      "26"
    ]
  },
  {
    "value": "944",
    "synonyms": [
      "944"
    ]
  },
  {
    "value": "371",
    "synonyms": [
      "371"
    ]
  },
  {
    "value": "382G",
    "synonyms": [
      "382G"
    ]
  },
  {
    "value": "100A",
    "synonyms": [
      "100A"
    ]
  },
  {
    "value": "410G",
    "synonyms": [
      "410G"
    ]
  },
  {
    "value": "51",
    "synonyms": [
      "51"
    ]
  },
  {
    "value": "653",
    "synonyms": [
      "653"
    ]
  },
  {
    "value": "926",
    "synonyms": [
      "926"
    ]
  },
  {
    "value": "116",
    "synonyms": [
      "116"
    ]
  },
  {
    "value": "15A",
    "synonyms": [
      "15A"
    ]
  },
  {
    "value": "242",
    "synonyms": [
      "242"
    ]
  },
  {
    "value": "965A",
    "synonyms": [
      "965A"
    ]
  },
  {
    "value": "529",
    "synonyms": [
      "529"
    ]
  },
  {
    "value": "962C",
    "synonyms": [
      "962C"
    ]
  },
  {
    "value": "94A",
    "synonyms": [
      "94A"
    ]
  },
  {
    "value": "107",
    "synonyms": [
      "107"
    ]
  },
  {
    "value": "71",
    "synonyms": [
      "71"
    ]
  },
  {
    "value": "858A",
    "synonyms": [
      "858A"
    ]
  },
  {
    "value": "973A",
    "synonyms": [
      "973A"
    ]
  },
  {
    "value": "47",
    "synonyms": [
      "47"
    ]
  },
  {
    "value": "812",
    "synonyms": [
      "812"
    ]
  },
  {
    "value": "222A",
    "synonyms": [
      "222A"
    ]
  },
  {
    "value": "94",
    "synonyms": [
      "94"
    ]
  },
  {
    "value": "335",
    "synonyms": [
      "335"
    ]
  },
  {
    "value": "145A",
    "synonyms": [
      "145A"
    ]
  },
  {
    "value": "247",
    "synonyms": [
      "247"
    ]
  },
  {
    "value": "130",
    "synonyms": [
      "130"
    ]
  },
  {
    "value": "53A",
    "synonyms": [
      "53A"
    ]
  },
  {
    "value": "249",
    "synonyms": [
      "249"
    ]
  },
  {
    "value": "901",
    "synonyms": [
      "901"
    ]
  },
  {
    "value": "NR8",
    "synonyms": [
      "NR8"
    ]
  },
  {
    "value": "74",
    "synonyms": [
      "74"
    ]
  },
  {
    "value": "598",
    "synonyms": [
      "598"
    ]
  },
  {
    "value": "9A",
    "synonyms": [
      "9A"
    ]
  },
  {
    "value": "17",
    "synonyms": [
      "17"
    ]
  },
  {
    "value": "240A",
    "synonyms": [
      "240A"
    ]
  },
  {
    "value": "112A",
    "synonyms": [
      "112A"
    ]
  },
  {
    "value": "176",
    "synonyms": [
      "176"
    ]
  },
  {
    "value": "589",
    "synonyms": [
      "589"
    ]
  },
  {
    "value": "37",
    "synonyms": [
      "37"
    ]
  },
  {
    "value": "184",
    "synonyms": [
      "184"
    ]
  },
  {
    "value": "945",
    "synonyms": [
      "945"
    ]
  },
  {
    "value": "803",
    "synonyms": [
      "803"
    ]
  },
  {
    "value": "225W",
    "synonyms": [
      "225W"
    ]
  },
  {
    "value": "125",
    "synonyms": [
      "125"
    ]
  },
  {
    "value": "131M",
    "synonyms": [
      "131M"
    ]
  },
  {
    "value": "15",
    "synonyms": [
      "15"
    ]
  },
  {
    "value": "143M",
    "synonyms": [
      "143M"
    ]
  },
  {
    "value": "285",
    "synonyms": [
      "285"
    ]
  },
  {
    "value": "174e",
    "synonyms": [
      "174e"
    ]
  },
  {
    "value": "46",
    "synonyms": [
      "46"
    ]
  },
  {
    "value": "3",
    "synonyms": [
      "3"
    ]
  },
  {
    "value": "883B",
    "synonyms": [
      "883B"
    ]
  },
  {
    "value": "552",
    "synonyms": [
      "552"
    ]
  },
  {
    "value": "142",
    "synonyms": [
      "142"
    ]
  },
  {
    "value": "128",
    "synonyms": [
      "128"
    ]
  },
  {
    "value": "89e",
    "synonyms": [
      "89e"
    ]
  },
  {
    "value": "3N",
    "synonyms": [
      "3N"
    ]
  },
  {
    "value": "585",
    "synonyms": [
      "585"
    ]
  },
  {
    "value": "354",
    "synonyms": [
      "354"
    ]
  },
  {
    "value": "162",
    "synonyms": [
      "162"
    ]
  },
  {
    "value": "88A",
    "synonyms": [
      "88A"
    ]
  },
  {
    "value": "118B",
    "synonyms": [
      "118B"
    ]
  },
  {
    "value": "661",
    "synonyms": [
      "661"
    ]
  },
  {
    "value": "127",
    "synonyms": [
      "127"
    ]
  },
  {
    "value": "87",
    "synonyms": [
      "87"
    ]
  },
  {
    "value": "151",
    "synonyms": [
      "151"
    ]
  },
  {
    "value": "825",
    "synonyms": [
      "825"
    ]
  },
  {
    "value": "530",
    "synonyms": [
      "530"
    ]
  },
  {
    "value": "56",
    "synonyms": [
      "56"
    ]
  },
  {
    "value": "86",
    "synonyms": [
      "86"
    ]
  },
  {
    "value": "154B",
    "synonyms": [
      "154B"
    ]
  },
  {
    "value": "587",
    "synonyms": [
      "587"
    ]
  },
  {
    "value": "135A",
    "synonyms": [
      "135A"
    ]
  },
  {
    "value": "963R",
    "synonyms": [
      "963R"
    ]
  },
  {
    "value": "262",
    "synonyms": [
      "262"
    ]
  },
  {
    "value": "155",
    "synonyms": [
      "155"
    ]
  },
  {
    "value": "298",
    "synonyms": [
      "298"
    ]
  },
  {
    "value": "92B",
    "synonyms": [
      "92B"
    ]
  },
  {
    "value": "130A",
    "synonyms": [
      "130A"
    ]
  },
  {
    "value": "165",
    "synonyms": [
      "165"
    ]
  },
  {
    "value": "41",
    "synonyms": [
      "41"
    ]
  },
  {
    "value": "92M",
    "synonyms": [
      "92M"
    ]
  },
  {
    "value": "912B",
    "synonyms": [
      "912B"
    ]
  },
  {
    "value": "922",
    "synonyms": [
      "922"
    ]
  },
  {
    "value": "70A",
    "synonyms": [
      "70A"
    ]
  },
  {
    "value": "2A",
    "synonyms": [
      "2A"
    ]
  },
  {
    "value": "913M",
    "synonyms": [
      "913M"
    ]
  },
  {
    "value": "911",
    "synonyms": [
      "911"
    ]
  },
  {
    "value": "139M",
    "synonyms": [
      "139M"
    ]
  },
  {
    "value": "186",
    "synonyms": [
      "186"
    ]
  },
  {
    "value": "180A",
    "synonyms": [
      "180A"
    ]
  },
  {
    "value": "963",
    "synonyms": [
      "963"
    ]
  },
  {
    "value": "166",
    "synonyms": [
      "166"
    ]
  },
  {
    "value": "300",
    "synonyms": [
      "300"
    ]
  },
  {
    "value": "34",
    "synonyms": [
      "34"
    ]
  },
  {
    "value": "222",
    "synonyms": [
      "222"
    ]
  },
  {
    "value": "975B",
    "synonyms": [
      "975B"
    ]
  },
  {
    "value": "189A",
    "synonyms": [
      "189A"
    ]
  },
  {
    "value": "761",
    "synonyms": [
      "761"
    ]
  },
  {
    "value": "66B",
    "synonyms": [
      "66B"
    ]
  },
  {
    "value": "67W",
    "synonyms": [
      "67W"
    ]
  },
  {
    "value": "660",
    "synonyms": [
      "660"
    ]
  },
  {
    "value": "5N",
    "synonyms": [
      "5N"
    ]
  },
  {
    "value": "196A",
    "synonyms": [
      "196A"
    ]
  },
  {
    "value": "900A",
    "synonyms": [
      "900A"
    ]
  },
  {
    "value": "10e",
    "synonyms": [
      "10e"
    ]
  },
  {
    "value": "55",
    "synonyms": [
      "55"
    ]
  },
  {
    "value": "518",
    "synonyms": [
      "518"
    ]
  },
  {
    "value": "182M",
    "synonyms": [
      "182M"
    ]
  },
  {
    "value": "960",
    "synonyms": [
      "960"
    ]
  },
  {
    "value": "883",
    "synonyms": [
      "883"
    ]
  },
  {
    "value": "143",
    "synonyms": [
      "143"
    ]
  },
  {
    "value": "970",
    "synonyms": [
      "970"
    ]
  },
  {
    "value": "401",
    "synonyms": [
      "401"
    ]
  },
  {
    "value": "173A",
    "synonyms": [
      "173A"
    ]
  },
  {
    "value": "43",
    "synonyms": [
      "43"
    ]
  },
  {
    "value": "153",
    "synonyms": [
      "153"
    ]
  },
  {
    "value": "654",
    "synonyms": [
      "654"
    ]
  },
  {
    "value": "85A",
    "synonyms": [
      "85A"
    ]
  },
  {
    "value": "75",
    "synonyms": [
      "75"
    ]
  },
  {
    "value": "64",
    "synonyms": [
      "64"
    ]
  },
  {
    "value": "30e",
    "synonyms": [
      "30e"
    ]
  },
  {
    "value": "853C",
    "synonyms": [
      "853C"
    ]
  },
  {
    "value": "25",
    "synonyms": [
      "25"
    ]
  },
  {
    "value": "55B",
    "synonyms": [
      "55B"
    ]
  },
  {
    "value": "190",
    "synonyms": [
      "190"
    ]
  },
  {
    "value": "31A",
    "synonyms": [
      "31A"
    ]
  },
  {
    "value": "93",
    "synonyms": [
      "93"
    ]
  },
  {
    "value": "76",
    "synonyms": [
      "76"
    ]
  },
  {
    "value": "83",
    "synonyms": [
      "83"
    ]
  },
  {
    "value": "324",
    "synonyms": [
      "324"
    ]
  },
  {
    "value": "68",
    "synonyms": [
      "68"
    ]
  },
  {
    "value": "912A",
    "synonyms": [
      "912A"
    ]
  },
  {
    "value": "229",
    "synonyms": [
      "229"
    ]
  },
  {
    "value": "112",
    "synonyms": [
      "112"
    ]
  },
  {
    "value": "535",
    "synonyms": [
      "535"
    ]
  },
  {
    "value": "66",
    "synonyms": [
      "66"
    ]
  },
  {
    "value": "980",
    "synonyms": [
      "980"
    ]
  },
  {
    "value": "195A",
    "synonyms": [
      "195A"
    ]
  },
  {
    "value": "30",
    "synonyms": [
      "30"
    ]
  },
  {
    "value": "169A",
    "synonyms": [
      "169A"
    ]
  },
  {
    "value": "18",
    "synonyms": [
      "18"
    ]
  },
  {
    "value": "57",
    "synonyms": [
      "57"
    ]
  },
  {
    "value": "179A",
    "synonyms": [
      "179A"
    ]
  },
  {
    "value": "19",
    "synonyms": [
      "19"
    ]
  },
  {
    "value": "882",
    "synonyms": [
      "882"
    ]
  },
  {
    "value": "53M",
    "synonyms": [
      "53M"
    ]
  },
  {
    "value": "96A",
    "synonyms": [
      "96A"
    ]
  },
  {
    "value": "NR3",
    "synonyms": [
      "NR3"
    ]
  },
  {
    "value": "255",
    "synonyms": [
      "255"
    ]
  },
  {
    "value": "101",
    "synonyms": [
      "101"
    ]
  },
  {
    "value": "534",
    "synonyms": [
      "534"
    ]
  },
  {
    "value": "4N",
    "synonyms": [
      "4N"
    ]
  },
  {
    "value": "850E",
    "synonyms": [
      "850E"
    ]
  },
  {
    "value": "301",
    "synonyms": [
      "301"
    ]
  },
  {
    "value": "163A",
    "synonyms": [
      "163A"
    ]
  },
  {
    "value": "533",
    "synonyms": [
      "533"
    ]
  },
  {
    "value": "225",
    "synonyms": [
      "225"
    ]
  },
  {
    "value": "66A",
    "synonyms": [
      "66A"
    ]
  },
  {
    "value": "859A",
    "synonyms": [
      "859A"
    ]
  },
  {
    "value": "804",
    "synonyms": [
      "804"
    ]
  },
  {
    "value": "806",
    "synonyms": [
      "806"
    ]
  },
  {
    "value": "851e",
    "synonyms": [
      "851e"
    ]
  },
  {
    "value": "657",
    "synonyms": [
      "657"
    ]
  },
  {
    "value": "13",
    "synonyms": [
      "13"
    ]
  },
  {
    "value": "117",
    "synonyms": [
      "117"
    ]
  },
  {
    "value": "2",
    "synonyms": [
      "2"
    ]
  },
  {
    "value": "105",
    "synonyms": [
      "105"
    ]
  },
  {
    "value": "506",
    "synonyms": [
      "506"
    ]
  },
  {
    "value": "123M",
    "synonyms": [
      "123M"
    ]
  },
  {
    "value": "133",
    "synonyms": [
      "133"
    ]
  },
  {
    "value": "663",
    "synonyms": [
      "663"
    ]
  },
  {
    "value": "12e",
    "synonyms": [
      "12e"
    ]
  },
  {
    "value": "257",
    "synonyms": [
      "257"
    ]
  },
  {
    "value": "382W",
    "synonyms": [
      "382W"
    ]
  },
  {
    "value": "268",
    "synonyms": [
      "268"
    ]
  },
  {
    "value": "272",
    "synonyms": [
      "272"
    ]
  },
  {
    "value": "33A",
    "synonyms": [
      "33A"
    ]
  },
  {
    "value": "386A",
    "synonyms": [
      "386A"
    ]
  },
  {
    "value": "991",
    "synonyms": [
      "991"
    ]
  },
  {
    "value": "927",
    "synonyms": [
      "927"
    ]
  },
  {
    "value": "564",
    "synonyms": [
      "564"
    ]
  },
  {
    "value": "BPS1",
    "synonyms": [
      "BPS1"
    ]
  },
  {
    "value": "961C",
    "synonyms": [
      "961C"
    ]
  },
  {
    "value": "90",
    "synonyms": [
      "90"
    ]
  },
  {
    "value": "282",
    "synonyms": [
      "282"
    ]
  },
  {
    "value": "107M",
    "synonyms": [
      "107M"
    ]
  },
  {
    "value": "60A",
    "synonyms": [
      "60A"
    ]
  },
  {
    "value": "961",
    "synonyms": [
      "961"
    ]
  },
  {
    "value": "77",
    "synonyms": [
      "77"
    ]
  },
  {
    "value": "NR2",
    "synonyms": [
      "NR2"
    ]
  },
  {
    "value": "138B",
    "synonyms": [
      "138B"
    ]
  },
  {
    "value": "136",
    "synonyms": [
      "136"
    ]
  },
  {
    "value": "4",
    "synonyms": [
      "4"
    ]
  },
  {
    "value": "656",
    "synonyms": [
      "656"
    ]
  },
  {
    "value": "79A",
    "synonyms": [
      "79A"
    ]
  },
  {
    "value": "89A",
    "synonyms": [
      "89A"
    ]
  },
  {
    "value": "73A",
    "synonyms": [
      "73A"
    ]
  },
  {
    "value": "860A",
    "synonyms": [
      "860A"
    ]
  },
  {
    "value": "182",
    "synonyms": [
      "182"
    ]
  },
  {
    "value": "560",
    "synonyms": [
      "560"
    ]
  },
  {
    "value": "137",
    "synonyms": [
      "137"
    ]
  },
  {
    "value": "403",
    "synonyms": [
      "403"
    ]
  },
  {
    "value": "225G",
    "synonyms": [
      "225G"
    ]
  },
  {
    "value": "159",
    "synonyms": [
      "159"
    ]
  },
  {
    "value": "157",
    "synonyms": [
      "157"
    ]
  },
  {
    "value": "117B",
    "synonyms": [
      "117B"
    ]
  },
  {
    "value": "180",
    "synonyms": [
      "180"
    ]
  },
  {
    "value": "85",
    "synonyms": [
      "85"
    ]
  },
  {
    "value": "160",
    "synonyms": [
      "160"
    ]
  },
  {
    "value": "1N",
    "synonyms": [
      "1N"
    ]
  },
  {
    "value": "96",
    "synonyms": [
      "96"
    ]
  },
  {
    "value": "655",
    "synonyms": [
      "655"
    ]
  },
  {
    "value": "856A",
    "synonyms": [
      "856A"
    ]
  },
  {
    "value": "32",
    "synonyms": [
      "32"
    ]
  },
  {
    "value": "14A",
    "synonyms": [
      "14A"
    ]
  },
  {
    "value": "179",
    "synonyms": [
      "179"
    ]
  },
  {
    "value": "31",
    "synonyms": [
      "31"
    ]
  },
  {
    "value": "172",
    "synonyms": [
      "172"
    ]
  },
  {
    "value": "979",
    "synonyms": [
      "979"
    ]
  },
  {
    "value": "110",
    "synonyms": [
      "110"
    ]
  },
  {
    "value": "329",
    "synonyms": [
      "329"
    ]
  },
  {
    "value": "243W",
    "synonyms": [
      "243W"
    ]
  },
  {
    "value": "193",
    "synonyms": [
      "193"
    ]
  },
  {
    "value": "118",
    "synonyms": [
      "118"
    ]
  },
  {
    "value": "67A",
    "synonyms": [
      "67A"
    ]
  },
  {
    "value": "971E",
    "synonyms": [
      "971E"
    ]
  },
  {
    "value": "72A",
    "synonyms": [
      "72A"
    ]
  },
  {
    "value": "195",
    "synonyms": [
      "195"
    ]
  },
  {
    "value": "261",
    "synonyms": [
      "261"
    ]
  },
  {
    "value": "121",
    "synonyms": [
      "121"
    ]
  },
  {
    "value": "201",
    "synonyms": [
      "201"
    ]
  },
  {
    "value": "29A",
    "synonyms": [
      "29A"
    ]
  },
  {
    "value": "167e",
    "synonyms": [
      "167e"
    ]
  },
  {
    "value": "232",
    "synonyms": [
      "232"
    ]
  },
  {
    "value": "536",
    "synonyms": [
      "536"
    ]
  },
  {
    "value": "159B",
    "synonyms": [
      "159B"
    ]
  },
  {
    "value": "315",
    "synonyms": [
      "315"
    ]
  },
  {
    "value": "NR5",
    "synonyms": [
      "NR5"
    ]
  },
  {
    "value": "269A",
    "synonyms": [
      "269A"
    ]
  },
  {
    "value": "903M",
    "synonyms": [
      "903M"
    ]
  },
  {
    "value": "140",
    "synonyms": [
      "140"
    ]
  },
  {
    "value": "185",
    "synonyms": [
      "185"
    ]
  },
  {
    "value": "45",
    "synonyms": [
      "45"
    ]
  },
  {
    "value": "951E",
    "synonyms": [
      "951E"
    ]
  },
  {
    "value": "966",
    "synonyms": [
      "966"
    ]
  },
  {
    "value": "200",
    "synonyms": [
      "200"
    ]
  },
  {
    "value": "98",
    "synonyms": [
      "98"
    ]
  },
  {
    "value": "158",
    "synonyms": [
      "158"
    ]
  },
  {
    "value": "36A",
    "synonyms": [
      "36A"
    ]
  },
  {
    "value": "518A",
    "synonyms": [
      "518A"
    ]
  },
  {
    "value": "181M",
    "synonyms": [
      "181M"
    ]
  },
  {
    "value": "188R",
    "synonyms": [
      "188R"
    ]
  },
  {
    "value": "62A",
    "synonyms": [
      "62A"
    ]
  },
  {
    "value": "99",
    "synonyms": [
      "99"
    ]
  },
  {
    "value": "178A",
    "synonyms": [
      "178A"
    ]
  },
  {
    "value": "97e",
    "synonyms": [
      "97e"
    ]
  },
  {
    "value": "9",
    "synonyms": [
      "9"
    ]
  },
  {
    "value": "973",
    "synonyms": [
      "973"
    ]
  },
  {
    "value": "96B",
    "synonyms": [
      "96B"
    ]
  },
  {
    "value": "65",
    "synonyms": [
      "65"
    ]
  },
  {
    "value": "590",
    "synonyms": [
      "590"
    ]
  },
  {
    "value": "857A",
    "synonyms": [
      "857A"
    ]
  },
  {
    "value": "125A",
    "synonyms": [
      "125A"
    ]
  },
  {
    "value": "198",
    "synonyms": [
      "198"
    ]
  },
  {
    "value": "2N",
    "synonyms": [
      "2N"
    ]
  },
  {
    "value": "10",
    "synonyms": [
      "10"
    ]
  },
  {
    "value": "119",
    "synonyms": [
      "119"
    ]
  },
  {
    "value": "402",
    "synonyms": [
      "402"
    ]
  },
  {
    "value": "82",
    "synonyms": [
      "82"
    ]
  },
  {
    "value": "960e",
    "synonyms": [
      "960e"
    ]
  },
  {
    "value": "700A",
    "synonyms": [
      "700A"
    ]
  },
  {
    "value": "60",
    "synonyms": [
      "60"
    ]
  },
  {
    "value": "563",
    "synonyms": [
      "563"
    ]
  },
  {
    "value": "561",
    "synonyms": [
      "561"
    ]
  },
  {
    "value": "78A",
    "synonyms": [
      "78A"
    ]
  },
  {
    "value": "188",
    "synonyms": [
      "188"
    ]
  },
  {
    "value": "70M",
    "synonyms": [
      "70M"
    ]
  },
  {
    "value": "538",
    "synonyms": [
      "538"
    ]
  },
  {
    "value": "42",
    "synonyms": [
      "42"
    ]
  },
  {
    "value": "7A",
    "synonyms": [
      "7A"
    ]
  },
  {
    "value": "241A",
    "synonyms": [
      "241A"
    ]
  },
  {
    "value": "48",
    "synonyms": [
      "48"
    ]
  },
  {
    "value": "95",
    "synonyms": [
      "95"
    ]
  },
  {
    "value": "137A",
    "synonyms": [
      "137A"
    ]
  },
  {
    "value": "178",
    "synonyms": [
      "178"
    ]
  },
  {
    "value": "187",
    "synonyms": [
      "187"
    ]
  },
  {
    "value": "135",
    "synonyms": [
      "135"
    ]
  },
  {
    "value": "72",
    "synonyms": [
      "72"
    ]
  },
  {
    "value": "904",
    "synonyms": [
      "904"
    ]
  },
  {
    "value": "317",
    "synonyms": [
      "317"
    ]
  },
  {
    "value": "238",
    "synonyms": [
      "238"
    ]
  },
  {
    "value": "197",
    "synonyms": [
      "197"
    ]
  },
  {
    "value": "358",
    "synonyms": [
      "358"
    ]
  },
  {
    "value": "75A",
    "synonyms": [
      "75A"
    ]
  },
  {
    "value": "23",
    "synonyms": [
      "23"
    ]
  },
  {
    "value": "171",
    "synonyms": [
      "171"
    ]
  },
  {
    "value": "28",
    "synonyms": [
      "28"
    ]
  },
  {
    "value": "NR1",
    "synonyms": [
      "NR1"
    ]
  },
  {
    "value": "NR7",
    "synonyms": [
      "NR7"
    ]
  },
  {
    "value": "35M",
    "synonyms": [
      "35M"
    ]
  },
  {
    "value": "359",
    "synonyms": [
      "359"
    ]
  },
  {
    "value": "116A",
    "synonyms": [
      "116A"
    ]
  },
  {
    "value": "969",
    "synonyms": [
      "969"
    ]
  },
  {
    "value": "852",
    "synonyms": [
      "852"
    ]
  },
  {
    "value": "158A",
    "synonyms": [
      "158A"
    ]
  },
  {
    "value": "854",
    "synonyms": [
      "854"
    ]
  },
  {
    "value": "17A",
    "synonyms": [
      "17A"
    ]
  },
  {
    "value": "268C",
    "synonyms": [
      "268C"
    ]
  },
  {
    "value": "45A",
    "synonyms": [
      "45A"
    ]
  },
  {
    "value": "72B",
    "synonyms": [
      "72B"
    ]
  },
  {
    "value": "243G",
    "synonyms": [
      "243G"
    ]
  },
  {
    "value": "268B",
    "synonyms": [
      "268B"
    ]
  },
  {
    "value": "139",
    "synonyms": [
      "139"
    ]
  },
  {
    "value": "991A",
    "synonyms": [
      "991A"
    ]
  },
  {
    "value": "860",
    "synonyms": [
      "860"
    ]
  },
  {
    "value": "109A",
    "synonyms": [
      "109A"
    ]
  },
  {
    "value": "284",
    "synonyms": [
      "284"
    ]
  },
  {
    "value": "50",
    "synonyms": [
      "50"
    ]
  },
  {
    "value": "20",
    "synonyms": [
      "20"
    ]
  },
  {
    "value": "857",
    "synonyms": [
      "857"
    ]
  },
  {
    "value": "405",
    "synonyms": [
      "405"
    ]
  },
  {
    "value": "965",
    "synonyms": [
      "965"
    ]
  },
  {
    "value": "947",
    "synonyms": [
      "947"
    ]
  },
  {
    "value": "925",
    "synonyms": [
      "925"
    ]
  },
  {
    "value": "100",
    "synonyms": [
      "100"
    ]
  },
  {
    "value": "69",
    "synonyms": [
      "69"
    ]
  },
  {
    "value": "962",
    "synonyms": [
      "962"
    ]
  },
  {
    "value": "882A",
    "synonyms": [
      "882A"
    ]
  },
  {
    "value": "962B",
    "synonyms": [
      "962B"
    ]
  },
  {
    "value": "920",
    "synonyms": [
      "920"
    ]
  },
  {
    "value": "302A",
    "synonyms": [
      "302A"
    ]
  },
  {
    "value": "115",
    "synonyms": [
      "115"
    ]
  },
  {
    "value": "963e",
    "synonyms": [
      "963e"
    ]
  },
  {
    "value": "13A",
    "synonyms": [
      "13A"
    ]
  },
  {
    "value": "853",
    "synonyms": [
      "853"
    ]
  },
  {
    "value": "235",
    "synonyms": [
      "235"
    ]
  },
  {
    "value": "29",
    "synonyms": [
      "29"
    ]
  },
  {
    "value": "131A",
    "synonyms": [
      "131A"
    ]
  },
  {
    "value": "372",
    "synonyms": [
      "372"
    ]
  },
  {
    "value": "565",
    "synonyms": [
      "565"
    ]
  },
  {
    "value": "109",
    "synonyms": [
      "109"
    ]
  },
  {
    "value": "105B",
    "synonyms": [
      "105B"
    ]
  },
  {
    "value": "24",
    "synonyms": [
      "24"
    ]
  },
  {
    "value": "80",
    "synonyms": [
      "80"
    ]
  },
  {
    "value": "12",
    "synonyms": [
      "12"
    ]
  },
  {
    "value": "120",
    "synonyms": [
      "120"
    ]
  },
  {
    "value": "169",
    "synonyms": [
      "169"
    ]
  },
  {
    "value": "80A",
    "synonyms": [
      "80A"
    ]
  },
  {
    "value": "36B",
    "synonyms": [
      "36B"
    ]
  },
  {
    "value": "170X",
    "synonyms": [
      "170X"
    ]
  },
  {
    "value": "34A",
    "synonyms": [
      "34A"
    ]
  },
  {
    "value": "51A",
    "synonyms": [
      "51A"
    ]
  },
  {
    "value": "974A",
    "synonyms": [
      "974A"
    ]
  },
  {
    "value": "113A",
    "synonyms": [
      "113A"
    ]
  },
  {
    "value": "67",
    "synonyms": [
      "67"
    ]
  },
  {
    "value": "969A",
    "synonyms": [
      "969A"
    ]
  },
  {
    "value": "106A",
    "synonyms": [
      "106A"
    ]
  },
  {
    "value": "21",
    "synonyms": [
      "21"
    ]
  },
  {
    "value": "147",
    "synonyms": [
      "147"
    ]
  },
  {
    "value": "912M",
    "synonyms": [
      "912M"
    ]
  },
  {
    "value": "3B",
    "synonyms": [
      "3B"
    ]
  },
  {
    "value": "117A",
    "synonyms": [
      "117A"
    ]
  },
  {
    "value": "170",
    "synonyms": [
      "170"
    ]
  },
  {
    "value": "800",
    "synonyms": [
      "800"
    ]
  },
  {
    "value": "807",
    "synonyms": [
      "807"
    ]
  },
  {
    "value": "228",
    "synonyms": [
      "228"
    ]
  },
  {
    "value": "27A",
    "synonyms": [
      "27A"
    ]
  },
  {
    "value": "502A",
    "synonyms": [
      "502A"
    ]
  },
  {
    "value": "7B",
    "synonyms": [
      "7B"
    ]
  },
  {
    "value": "58B",
    "synonyms": [
      "58B"
    ]
  },
  {
    "value": "132",
    "synonyms": [
      "132"
    ]
  },
  {
    "value": "950",
    "synonyms": [
      "950"
    ]
  },
  {
    "value": "22",
    "synonyms": [
      "22"
    ]
  },
  {
    "value": "903",
    "synonyms": [
      "903"
    ]
  },
  {
    "value": "163",
    "synonyms": [
      "163"
    ]
  },
  {
    "value": "98A",
    "synonyms": [
      "98A"
    ]
  },
  {
    "value": "253",
    "synonyms": [
      "253"
    ]
  },
  {
    "value": "38",
    "synonyms": [
      "38"
    ]
  },
  {
    "value": "84",
    "synonyms": [
      "84"
    ]
  },
  {
    "value": "147A",
    "synonyms": [
      "147A"
    ]
  },
  {
    "value": "199",
    "synonyms": [
      "199"
    ]
  },
  {
    "value": "6",
    "synonyms": [
      "6"
    ]
  },
  {
    "value": "21A",
    "synonyms": [
      "21A"
    ]
  },
  {
    "value": "868E",
    "synonyms": [
      "868E"
    ]
  },
  {
    "value": "196e",
    "synonyms": [
      "196e"
    ]
  },
  {
    "value": "546",
    "synonyms": [
      "546"
    ]
  },
  {
    "value": "851",
    "synonyms": [
      "851"
    ]
  },
  {
    "value": "983",
    "synonyms": [
      "983"
    ]
  },
  {
    "value": "134",
    "synonyms": [
      "134"
    ]
  },
  {
    "value": "97",
    "synonyms": [
      "97"
    ]
  },
  {
    "value": "7",
    "synonyms": [
      "7"
    ]
  },
  {
    "value": "243",
    "synonyms": [
      "243"
    ]
  },
  {
    "value": "81",
    "synonyms": [
      "81"
    ]
  },
  {
    "value": "990",
    "synonyms": [
      "990"
    ]
  },
  {
    "value": "177",
    "synonyms": [
      "177"
    ]
  },
  {
    "value": "900",
    "synonyms": [
      "900"
    ]
  },
  {
    "value": "502",
    "synonyms": [
      "502"
    ]
  },
  {
    "value": "941",
    "synonyms": [
      "941"
    ]
  },
  {
    "value": "252",
    "synonyms": [
      "252"
    ]
  },
  {
    "value": "162M",
    "synonyms": [
      "162M"
    ]
  },
  {
    "value": "855",
    "synonyms": [
      "855"
    ]
  },
  {
    "value": "170A",
    "synonyms": [
      "170A"
    ]
  },
  {
    "value": "268A",
    "synonyms": [
      "268A"
    ]
  },
  {
    "value": "70",
    "synonyms": [
      "70"
    ]
  },
  {
    "value": "991B",
    "synonyms": [
      "991B"
    ]
  },
  {
    "value": "58A",
    "synonyms": [
      "58A"
    ]
  },
  {
    "value": "975",
    "synonyms": [
      "975"
    ]
  },
  {
    "value": "52",
    "synonyms": [
      "52"
    ]
  },
  {
    "value": "127A",
    "synonyms": [
      "127A"
    ]
  },
  {
    "value": "531",
    "synonyms": [
      "531"
    ]
  },
  {
    "value": "35",
    "synonyms": [
      "35"
    ]
  },
  {
    "value": "27",
    "synonyms": [
      "27"
    ]
  },
  {
    "value": "902",
    "synonyms": [
      "902"
    ]
  },
  {
    "value": "73",
    "synonyms": [
      "73"
    ]
  },
  {
    "value": "334",
    "synonyms": [
      "334"
    ]
  },
  {
    "value": "63",
    "synonyms": [
      "63"
    ]
  },
  {
    "value": "386",
    "synonyms": [
      "386"
    ]
  },
  {
    "value": "222B",
    "synonyms": [
      "222B"
    ]
  },
  {
    "value": "410W",
    "synonyms": [
      "410W"
    ]
  },
  {
    "value": "63M",
    "synonyms": [
      "63M"
    ]
  },
  {
    "value": "92",
    "synonyms": [
      "92"
    ]
  },
  {
    "value": "129",
    "synonyms": [
      "129"
    ]
  },
  {
    "value": "190A",
    "synonyms": [
      "190A"
    ]
  },
  {
    "value": "856",
    "synonyms": [
      "856"
    ]
  },
  {
    "value": "54",
    "synonyms": [
      "54"
    ]
  },
  {
    "value": "982E",
    "synonyms": [
      "982E"
    ]
  },
  {
    "value": "141",
    "synonyms": [
      "141"
    ]
  },
  {
    "value": "59",
    "synonyms": [
      "59"
    ]
  },
  {
    "value": "CT8",
    "synonyms": [
      "CT8"
    ]
  },
  {
    "value": "36",
    "synonyms": [
      "36"
    ]
  },
  {
    "value": "3A",
    "synonyms": [
      "3A"
    ]
  },
  {
    "value": "14",
    "synonyms": [
      "14"
    ]
  },
  {
    "value": "102",
    "synonyms": [
      "102"
    ]
  },
  {
    "value": "34B",
    "synonyms": [
      "34B"
    ]
  },
  {
    "value": "291",
    "synonyms": [
      "291"
    ]
  },
  {
    "value": "811",
    "synonyms": [
      "811"
    ]
  },
  {
    "value": "123",
    "synonyms": [
      "123"
    ]
  },
  {
    "value": "40",
    "synonyms": [
      "40"
    ]
  },
  {
    "value": "118A",
    "synonyms": [
      "118A"
    ]
  },
  {
    "value": "33",
    "synonyms": [
      "33"
    ]
  },
  {
    "value": "231",
    "synonyms": [
      "231"
    ]
  },
  {
    "value": "191",
    "synonyms": [
      "191"
    ]
  },
  {
    "value": "325",
    "synonyms": [
      "325"
    ]
  },
  {
    "value": "147e",
    "synonyms": [
      "147e"
    ]
  },
  {
    "value": "5",
    "synonyms": [
      "5"
    ]
  },
  {
    "value": "807A",
    "synonyms": [
      "807A"
    ]
  },
  {
    "value": "854e",
    "synonyms": [
      "854e"
    ]
  },
  {
    "value": "985",
    "synonyms": [
      "985"
    ]
  },
  {
    "value": "983A",
    "synonyms": [
      "983A"
    ]
  },
  {
    "value": "196",
    "synonyms": [
      "196"
    ]
  },
  {
    "value": "248",
    "synonyms": [
      "248"
    ]
  },
  {
    "value": "269",
    "synonyms": [
      "269"
    ]
  },
  {
    "value": "88B",
    "synonyms": [
      "88B"
    ]
  },
  {
    "value": "106",
    "synonyms": [
      "106"
    ]
  },
  {
    "value": "553",
    "synonyms": [
      "553"
    ]
  },
  {
    "value": "194",
    "synonyms": [
      "194"
    ]
  },
  {
    "value": "189",
    "synonyms": [
      "189"
    ]
  },
  {
    "value": "168",
    "synonyms": [
      "168"
    ]
  },
  {
    "value": "859",
    "synonyms": [
      "859"
    ]
  },
  {
    "value": "70B",
    "synonyms": [
      "70B"
    ]
  },
  {
    "value": "89",
    "synonyms": [
      "89"
    ]
  },
  {
    "value": "160A",
    "synonyms": [
      "160A"
    ]
  },
  {
    "value": "138A",
    "synonyms": [
      "138A"
    ]
  },
  {
    "value": "161",
    "synonyms": [
      "161"
    ]
  },
  {
    "value": "246",
    "synonyms": [
      "246"
    ]
  },
  {
    "value": "410",
    "synonyms": [
      "410"
    ]
  },
  {
    "value": "151e",
    "synonyms": [
      "151e"
    ]
  },
  {
    "value": "293",
    "synonyms": [
      "293"
    ]
  },
  {
    "value": "972A",
    "synonyms": [
      "972A"
    ]
  },
  {
    "value": "16",
    "synonyms": [
      "16"
    ]
  },
  {
    "value": "181",
    "synonyms": [
      "181"
    ]
  },
  {
    "value": "78",
    "synonyms": [
      "78"
    ]
  },
  {
    "value": "150",
    "synonyms": [
      "150"
    ]
  },
  {
    "value": "292",
    "synonyms": [
      "292"
    ]
  },
  {
    "value": "6N",
    "synonyms": [
      "6N"
    ]
  },
  {
    "value": "122",
    "synonyms": [
      "122"
    ]
  },
  {
    "value": "183B",
    "synonyms": [
      "183B"
    ]
  },
  {
    "value": "307",
    "synonyms": [
      "307"
    ]
  },
  {
    "value": "43M",
    "synonyms": [
      "43M"
    ]
  },
  {
    "value": "62",
    "synonyms": [
      "62"
    ]
  },
  {
    "value": "811A",
    "synonyms": [
      "811A"
    ]
  },
  {
    "value": "131",
    "synonyms": [
      "131"
    ]
  },
  {
    "value": "912",
    "synonyms": [
      "912"
    ]
  },
  {
    "value": "273",
    "synonyms": [
      "273"
    ]
  },
  {
    "value": "91",
    "synonyms": [
      "91"
    ]
  },
  {
    "value": "156",
    "synonyms": [
      "156"
    ]
  },
  {
    "value": "49",
    "synonyms": [
      "49"
    ]
  },
  {
    "value": "258",
    "synonyms": [
      "258"
    ]
  },
  {
    "value": "192",
    "synonyms": [
      "192"
    ]
  },
  {
    "value": "700",
    "synonyms": [
      "700"
    ]
  },
  {
    "value": "964",
    "synonyms": [
      "964"
    ]
  },
  {
    "value": "61",
    "synonyms": [
      "61"
    ]
  },
  {
    "value": "154A",
    "synonyms": [
      "154A"
    ]
  },
  {
    "value": "33B",
    "synonyms": [
      "33B"
    ]
  },
  {
    "value": "90A",
    "synonyms": [
      "90A"
    ]
  },
  {
    "value": "251",
    "synonyms": [
      "251"
    ]
  },
  {
    "value": "974",
    "synonyms": [
      "974"
    ]
  },
  {
    "value": "11",
    "synonyms": [
      "11"
    ]
  },
  {
    "value": "53",
    "synonyms": [
      "53"
    ]
  },
  {
    "value": "665",
    "synonyms": [
      "665"
    ]
  },
  {
    "value": "599",
    "synonyms": [
      "599"
    ]
  },
  {
    "value": "913",
    "synonyms": [
      "913"
    ]
  },
  {
    "value": "159A",
    "synonyms": [
      "159A"
    ]
  },
  {
    "value": "98B",
    "synonyms": [
      "98B"
    ]
  },
  {
    "value": "113",
    "synonyms": [
      "113"
    ]
  },
  {
    "value": "92A",
    "synonyms": [
      "92A"
    ]
  },
  {
    "value": "972",
    "synonyms": [
      "972"
    ]
  },
  {
    "value": "95B",
    "synonyms": [
      "95B"
    ]
  },
  {
    "value": "188e",
    "synonyms": [
      "188e"
    ]
  },
  {
    "value": "145",
    "synonyms": [
      "145"
    ]
  },
  {
    "value": "400",
    "synonyms": [
      "400"
    ]
  },
  {
    "value": "240",
    "synonyms": [
      "240"
    ]
  },
  {
    "value": "175",
    "synonyms": [
      "175"
    ]
  },
  {
    "value": "14e",
    "synonyms": [
      "14e"
    ]
  },
  {
    "value": "169B",
    "synonyms": [
      "169B"
    ]
  },
  {
    "value": "124",
    "synonyms": [
      "124"
    ]
  },
  {
    "value": "588",
    "synonyms": [
      "588"
    ]
  },
  {
    "value": "8",
    "synonyms": [
      "8"
    ]
  },
  {
    "value": "539",
    "synonyms": [
      "539"
    ]
  },
  {
    "value": "858",
    "synonyms": [
      "858"
    ]
  },
  {
    "value": "200A",
    "synonyms": [
      "200A"
    ]
  },
  {
    "value": "174",
    "synonyms": [
      "174"
    ]
  },
  {
    "value": "142A",
    "synonyms": [
      "142A"
    ]
  },
  {
    "value": "302",
    "synonyms": [
      "302"
    ]
  },
  {
    "value": "265",
    "synonyms": [
      "265"
    ]
  },
  {
    "value": "374",
    "synonyms": [
      "374"
    ]
  },
  {
    "value": "240M",
    "synonyms": [
      "240M"
    ]
  },
  {
    "value": "167",
    "synonyms": [
      "167"
    ]
  },
  {
    "value": "183",
    "synonyms": [
      "183"
    ]
  },
  {
    "value": "198A",
    "synonyms": [
      "198A"
    ]
  },
  {
    "value": "381",
    "synonyms": [
      "381"
    ]
  },
  {
    "value": "307A",
    "synonyms": [
      "307A"
    ]
  },
  {
    "value": "154",
    "synonyms": [
      "154"
    ]
  },
  {
    "value": "103",
    "synonyms": [
      "103"
    ]
  },
  {
    "value": "NR6",
    "synonyms": [
      "NR6"
    ]
  },
  {
    "value": "569",
    "synonyms": [
      "569"
    ]
  },
  {
    "value": "74e",
    "synonyms": [
      "74e"
    ]
  },
  {
    "value": "241",
    "synonyms": [
      "241"
    ]
  },
  {
    "value": "79",
    "synonyms": [
      "79"
    ]
  },
  {
    "value": "513",
    "synonyms": [
      "513"
    ]
  },
  {
    "value": "111",
    "synonyms": [
      "111"
    ]
  },
  {
    "value": "138",
    "synonyms": [
      "138"
    ]
  },
  {
    "value": "333",
    "synonyms": [
      "333"
    ]
  },
  {
    "value": "58",
    "synonyms": [
      "58"
    ]
  },
  {
    "value": "981",
    "synonyms": [
      "981"
    ]
  },
  {
    "value": "254",
    "synonyms": [
      "254"
    ]
  },
  {
    "value": "925C",
    "synonyms": [
      "925C"
    ]
  },
  {
    "value": "39",
    "synonyms": [
      "39"
    ]
  },
  {
    "value": "88",
    "synonyms": [
      "88"
    ]
  },
  {
    "value": "805",
    "synonyms": [
      "805"
    ]
  },
  {
    "value": "98M",
    "synonyms": [
      "98M"
    ]
  },
  {
    "value": "173",
    "synonyms": [
      "173"
    ]
  },
  {
    "value": "859B",
    "synonyms": [
      "859B"
    ]
  }
]