[
  {
    "id": "50ad8a7c-8fc9-4e7e-badb-0796252d3e51",
    "data": [
      {
        "text": "bye bye",
        "userDefined": false
      }
    ],
    "isTemplate": false,
    "count": 0
  },
  {
    "id": "226fdc54-e284-470e-b6b8-f9106fe19882",
    "data": [
      {
        "text": "ok bye",
        "userDefined": false
      }
    ],
    "isTemplate": false,
    "count": 0
  },
  {
    "id": "d95762b0-141a-49ce-ac6c-2c05153cd987",
    "data": [
      {
        "text": "see you later",
        "userDefined": false
      }
    ],
    "isTemplate": false,
    "count": 0
  },
  {
    "id": "a2d7f7c4-39e3-4058-90ab-fc9d08fffe49",
    "data": [
      {
        "text": "exit",
        "userDefined": false
      }
    ],
    "isTemplate": false,
    "count": 0
  },
  {
    "id": "a88d183f-8f10-437e-9b7b-3f1a5b4d265b",
    "data": [
      {
        "text": "bye",
        "userDefined": false
      }
    ],
    "isTemplate": false,
    "count": 0
  }
]