[
  {
    "id": "78bca81b-4118-4659-ac3b-ee8b5cdc7634",
    "data": [
      {
        "text": "take bus",
        "userDefined": false
      }
    ],
    "isTemplate": false,
    "count": 0
  },
  {
    "id": "22329916-64cc-41d9-8fd9-16fac8f43569",
    "data": [
      {
        "text": "I want to take bus ",
        "userDefined": false
      },
      {
        "text": "91",
        "alias": "BusNo",
        "meta": "@BusNo",
        "userDefined": true
      },
      {
        "text": " at bus stop ",
        "userDefined": false
      },
      {
        "text": "12345",
        "alias": "BusStopNo",
        "meta": "@sys.number-sequence",
        "userDefined": true
      },
      {
        "text": " at ",
        "userDefined": false
      },
      {
        "text": "13:00",
        "alias": "DepartureTime",
        "meta": "@sys.time",
        "userDefined": true
      }
    ],
    "isTemplate": false,
    "count": 0
  }
]