[
  {
    "id": "db06fceb-8710-40ea-9190-a5f91049d846",
    "data": [
      {
        "text": "how much is ",
        "userDefined": false
      },
      {
        "text": "bitcoin",
        "alias": "coinname",
        "meta": "@CoinName",
        "userDefined": true
      }
    ],
    "isTemplate": false,
    "count": 0
  },
  {
    "id": "1e90390f-27ff-4502-9117-0ec26b351a3c",
    "data": [
      {
        "text": "what is the price of ",
        "userDefined": false
      },
      {
        "text": "litecoin",
        "alias": "coinname",
        "meta": "@CoinName",
        "userDefined": true
      }
    ],
    "isTemplate": false,
    "count": 0
  },
  {
    "id": "3850356c-d15b-4b70-a212-1b68330dc481",
    "data": [
      {
        "text": "tell me the price of ",
        "userDefined": false
      },
      {
        "text": "bitcoin",
        "alias": "coinname",
        "meta": "@CoinName",
        "userDefined": true
      }
    ],
    "isTemplate": false,
    "count": 0
  }
]